form_id,form_code,form_name,category,sub_category,authority,country,description,form_url,instructions_url,version,status,last_verified_date
1,PAN-ITR,Income Tax Return (ITR-1),Tax & Finance,Income Tax,Income Tax Department,India,ITR-1 Sahaj - Simplified return for individuals with income up to Rs 50 lakh,https://www.incometaxindia.gov.in/forms,https://www.incometaxindia.gov.in/forms,2024,active,2024-01-15
2,PAN-APP,PAN Card Application (Form 49AA),Tax & Finance,PAN Registration,Income Tax Department,India,Application for allotment of Permanent Account Number under PAN scheme,https://www.incometaxindia.gov.in/forms,https://www.incometaxindia.gov.in/forms,2024,active,2024-01-15
3,GST-REG,GST Registration (Form REG-01),Tax & Finance,GST Registration,GST Network (GSTN),India,Application for registration under GST,https://www.gst.gov.in,https://www.gst.gov.in,2024,active,2024-01-20
4,TDS-24Q,TDS Quarterly Return (Form 24Q),Tax & Finance,TDS,Income Tax Department,India,Quarterly return of tax deducted at source on income other than salaries,https://www.incometaxindia.gov.in/forms,https://www.incometaxindia.gov.in/forms,2024,active,2024-01-15
5,AADHAAR-APP,Aadhaar Registration,Identity & Travel,Aadhaar,Unique Identification Authority of India,India,Application for Aadhaar enrollment with demographic and biometric data,https://www.uidai.gov.in,https://www.uidai.gov.in,2024,active,2024-01-20
6,PASSPORT-APP,Passport Application (Form),Identity & Travel,Passport,Passport Seva,India,Application for issuance or renewal of Indian passport,https://www.passportindia.gov.in,https://www.passportindia.gov.in,2024,active,2024-01-20
7,DRIVING-LIC,Driving License Application (Form 4),Identity & Travel,Driving License,Parivahan (Ministry of Road Transport),India,Application for issuance of learning or permanent driving license,https://parivahan.gov.in,https://parivahan.gov.in,2024,active,2024-01-15
8,VOTER-ID,Voter ID Application (Form 6),Identity & Travel,Electoral,Election Commission of India,India,Application for enrollment as a voter,https://www.eci.gov.in,https://www.eci.gov.in,2024,active,2024-01-20
9,BANK-ACCOUNT,Bank Account Opening Form,Banking & Finance,Account Opening,RBI/Individual Banks,India,Application for opening savings or current bank account with KYC,https://www.rbi.org.in,https://www.rbi.org.in,2024,active,2024-01-15
10,KYC-FORM,Know Your Customer (KYC) Form,Banking & Finance,KYC,RBI Regulated Banks,India,Customer identification document collection for banking services,https://www.rbi.org.in,https://www.rbi.org.in,2024,active,2024-01-15
11,EPFO-CLAIM,EPFO Provident Fund Claim (Form 10),Employment & Social,EPFO Withdrawal,Employees' Provident Fund Organization,India,Claim for withdrawal of accumulated PF amount,https://www.epfindia.gov.in,https://www.epfindia.gov.in,2024,active,2024-01-20
12,EPFO-EPS,Employees Pension Scheme Claim (Form 11),Employment & Social,EPFO Pension,Employees' Provident Fund Organization,India,Claim for pension under Employees Pension Scheme,https://www.epfindia.gov.in,https://www.epfindia.gov.in,2024,active,2024-01-20
13,ESI-CLAIM,ESI Claim Form (ESI-1),Employment & Social,ESI Benefits,Employees State Insurance Corporation,India,Claim for medical or cash benefits under ESI scheme,https://www.esic.nic.in,https://www.esic.nic.in,2024,active,2024-01-15
14,SCHOLARSHIP-APP,National Scholarship Portal Application,Education,Scholarship,Ministry of Education,India,Application for merit-based scholarships for students,https://scholarships.gov.in,https://scholarships.gov.in,2024,active,2024-01-20
15,UGC-EXAM,UGC NET Exam Registration,Education,Examination,University Grants Commission,India,Registration for UGC National Eligibility Test,https://ugcnet.nta.ac.in,https://ugcnet.nta.ac.in,2024,active,2024-01-15
16,PROPERTY-REG,Property Registration Form,Property & Land,Registration,State Revenue Department,India,Application for property registration with sub-registrar office,https://revenuedept.gov.in,https://revenuedept.gov.in,2024,active,2024-01-20
17,MUTATED-PROPERTY,Mutation Application (Bhumika),Property & Land,Mutation,State Revenue Department,India,Application for mutation of property ownership records,https://revenuedept.gov.in,https://revenuedept.gov.in,2024,active,2024-01-15
18,VEHICLE-REG,Vehicle Registration Application (Form 20),Property & Land,Vehicle Registration,Parivahan,India,Application for registration of motor vehicles,https://parivahan.gov.in,https://parivahan.gov.in,2024,active,2024-01-20
19,VEHICLE-TRANSFER,Vehicle Transfer Application (Form 8),Property & Land,Vehicle Transfer,Parivahan,India,Application for transfer of motor vehicle ownership,https://parivahan.gov.in,https://parivahan.gov.in,2024,active,2024-01-15
20,AYUSHMAN-CARD,Ayushman Bharat Card Application,Health & Welfare,Health Insurance,Ministry of Labour and Employment,India,Application for Ayushman Bharat health insurance coverage,https://www.pmjay.gov.in,https://www.pmjay.gov.in,2024,active,2024-01-20
21,LPG-SUBSIDY,LPG Subsidy Application (PAHAL),Welfare,Energy Subsidy,Ministry of Petroleum,India,Application for LPG subsidy under PAHAL scheme,https://www.pahal.gov.in,https://www.pahal.gov.in,2024,active,2024-01-15
22,RATION-CARD,Ration Card Application,Welfare,Food Security,State Food & Civil Supplies,India,Application for ration card for grain procurement,https://publicdistribution.gov.in,https://publicdistribution.gov.in,2024,active,2024-01-20
23,PENSION-APP,Old Age Pension Application,Welfare,Social Pension,State Social Welfare,India,Application for old age pension for senior citizens,https://www.socialwelfare.gov.in,https://www.socialwelfare.gov.in,2024,active,2024-01-15
24,ITR-2,Income Tax Return (ITR-2),Tax & Finance,Income Tax,Income Tax Department,India,ITR for individuals and HUFs with income above Rs 50 lakh,https://www.incometaxindia.gov.in/forms,https://www.incometaxindia.gov.in/forms,2024,active,2024-01-15
25,ITR-3,Income Tax Return (ITR-3),Tax & Finance,Income Tax,Income Tax Department,India,ITR for individuals with business/professional income,https://www.incometaxindia.gov.in/forms,https://www.incometaxindia.gov.in/forms,2024,active,2024-01-15
26,ITR-4,Income Tax Return (ITR-4),Tax & Finance,Income Tax,Income Tax Department,India,ITR for individuals with business presumptive income,https://www.incometaxindia.gov.in/forms,https://www.incometaxindia.gov.in/forms,2024,active,2024-01-15
27,ITR-5,Income Tax Return (ITR-5),Tax & Finance,Income Tax,Income Tax Department,India,ITR for partnership firms,https://www.incometaxindia.gov.in/forms,https://www.incometaxindia.gov.in/forms,2024,active,2024-01-15
28,ITR-6,Income Tax Return (ITR-6),Tax & Finance,Income Tax,Income Tax Department,India,ITR for companies,https://www.incometaxindia.gov.in/forms,https://www.incometaxindia.gov.in/forms,2024,active,2024-01-15
29,FOREIGN-TAX,Foreign Tax Credit Form (49-FA),Tax & Finance,Foreign Tax,Income Tax Department,India,Claim for relief under Foreign Income provisions,https://www.incometaxindia.gov.in/forms,https://www.incometaxindia.gov.in/forms,2024,active,2024-01-15
30,GST-RETURN,GST Return Filing (GSTR-1),Tax & Finance,GST Return,GSTN,India,Monthly/quarterly return for outward supplies under GST,https://www.gst.gov.in,https://www.gst.gov.in,2024,active,2024-01-20
31,CUSTOMS-FORM,Customs Declaration (Form C),Tax & Finance,Customs,Central Board of Indirect Taxes,India,Declaration for import/export of goods,https://www.cbic.gov.in,https://www.cbic.gov.in,2024,active,2024-01-15
32,PASSPORT-MINOR,Passport Application for Minor,Identity & Travel,Passport,Passport Seva,India,Application for issuance of passport for children below 18 years,https://www.passportindia.gov.in,https://www.passportindia.gov.in,2024,active,2024-01-20
33,VISA-VISA,Visa Application Form,Identity & Travel,Visa,Ministry of External Affairs,India,Application for international travel visa,https://www.mea.gov.in,https://www.mea.gov.in,2024,active,2024-01-20
34,OCI-APP,Overseas Citizen of India (OCI) Application,Identity & Travel,OCI,Ministry of External Affairs,India,Application for OCI registration by persons of Indian origin,https://www.mea.gov.in,https://www.mea.gov.in,2024,active,2024-01-20
35,DOMICILE-CERT,Domicile Certificate Application,Identity & Travel,Domicile,State Revenue Department,India,Application for domicile certificate from district administration,https://revenuedept.gov.in,https://revenuedept.gov.in,2024,active,2024-01-15
36,CASTE-CERT,Caste Certificate Application,Identity & Travel,Caste Certificate,State Revenue Department,India,Application for SC/ST/OBC caste certificate,https://revenuedept.gov.in,https://revenuedept.gov.in,2024,active,2024-01-15
37,INCOME-CERT,Income Certificate Application,Identity & Travel,Income Certificate,State Revenue Department,India,Application for income certificate for financial assistance,https://revenuedept.gov.in,https://revenuedept.gov.in,2024,active,2024-01-15
38,LOAN-APP,Bank Loan Application Form,Banking & Finance,Loan,Commercial Banks,India,Application for personal/business/home loan,https://www.rbi.org.in,https://www.rbi.org.in,2024,active,2024-01-15
39,DEMAT-ACCOUNT,DEMAT Account Opening Form,Banking & Finance,Demat Account,CDSL/NSDL,India,Application for opening dematerialized securities account,https://www.cdsl.co.in,https://www.cdsl.co.in,2024,active,2024-01-15
40,TRADING-ACCOUNT,Trading Account Opening Form,Banking & Finance,Trading Account,Stock Brokers,India,Application for stock market trading account,https://www.nseindia.com,https://www.nseindia.com,2024,active,2024-01-15
41,MUTUAL-FUND,Mutual Fund Investment Form,Banking & Finance,Investment,AMFI,India,Application for mutual fund investment,https://www.amfiindia.com,https://www.amfiindia.com,2024,active,2024-01-15
42,NPS-SUBSCRIPTION,National Pension System (NPS) Subscription,Banking & Finance,Pension,PFRDA,India,Subscription form for NPS retirement account,https://www.nps.gov.in,https://www.nps.gov.in,2024,active,2024-01-20
43,PF-TRANSFER,PF Transfer Application (Form 13),Employment & Social,PF Transfer,EPFO,India,Application for transfer of PF to new employer,https://www.epfindia.gov.in,https://www.epfindia.gov.in,2024,active,2024-01-20
44,PF-SETTLEMENT,PF Settlement Application (Form 19),Employment & Social,PF Withdrawal,EPFO,India,Application for final settlement of PF on job termination,https://www.epfindia.gov.in,https://www.epfindia.gov.in,2024,active,2024-01-20
45,MATERNITY-BENEFIT,Maternity Benefit Claim (ESI),Employment & Social,ESI Maternity,ESIC,India,Claim for maternity benefit under ESI scheme,https://www.esic.nic.in,https://www.esic.nic.in,2024,active,2024-01-15
46,DISABILITY-CERT,Disability Certificate Application,Employment & Social,Disability,District Medical Board,India,Application for disability certificate for welfare benefits,https://socialwelfare.gov.in,https://socialwelfare.gov.in,2024,active,2024-01-15
47,JOB-APPLICATION,Government Job Application (UPSC),Employment & Social,Job Application,Union Public Service Commission,India,Application for civil services examination,https://www.upsc.gov.in,https://www.upsc.gov.in,2024,active,2024-01-20
48,STAFF-SELECTION,Staff Selection Commission Application,Employment & Social,Job Application,Staff Selection Commission,India,Application for SSC examination,https://www.ssc.nic.in,https://www.ssc.nic.in,2024,active,2024-01-20
49,RAILWAY-APP,Railway Recruitment Application,Employment & Social,Job Application,Railway Recruitment Board,India,Application for railway job positions,https://www.rrbonlinereg.in,https://www.rrbonlinereg.in,2024,active,2024-01-20
50,ADMIT-CARD-APP,College Admission Application,Education,Admission,Various Universities,India,Application for undergraduate college admission,https://www.ugadmissions.ac.in,https://www.ugadmissions.ac.in,2024,active,2024-01-15
51,JEE-REGISTRATION,JEE Main/Advanced Registration,Education,Examination,National Testing Agency,India,Application for Joint Entrance Examination,https://jeemain.nta.ac.in,https://jeemain.nta.ac.in,2024,active,2024-01-15
52,NEET-REGISTRATION,NEET Exam Registration,Education,Examination,National Testing Agency,India,Application for National Eligibility cum Entrance Test,https://neet.nta.ac.in,https://neet.nta.ac.in,2024,active,2024-01-15
53,CBSE-REGISTRATION,CBSE Board Exam Registration,Education,Examination,CBSE,India,Registration for CBSE board examinations,https://cbseacademic.nic.in,https://cbseacademic.nic.in,2024,active,2024-01-15
54,FELLOWSHIP-APP,Research Fellowship Application,Education,Fellowship,Ministry of Education,India,Application for doctoral research fellowship,https://www.eduniti.gov.in,https://www.eduniti.gov.in,2024,active,2024-01-20
55,LAND-RECORD,Land Record Application,Property & Land,Land Records,State Revenue Department,India,Application to obtain copies of land records and survey documents,https://revenuedept.gov.in,https://revenuedept.gov.in,2024,active,2024-01-15
56,ENCUMBRANCE,Encumbrance Certificate Application,Property & Land,Land Certificate,State Sub-Registrar,India,Application for encumbrance-free land certificate,https://revenuedept.gov.in,https://revenuedept.gov.in,2024,active,2024-01-15
57,NOC-PROPERTY,No Objection Certificate (Property),Property & Land,NOC,Local Authority,India,Application for NOC from gram panchayat for property transaction,https://revenuedept.gov.in,https://revenuedept.gov.in,2024,active,2024-01-15
58,VEHICLE-POLLUTION,Vehicle Pollution Certificate (PUC),Property & Land,Vehicle Certificate,Authorized Testing Center,India,Application for Pollution Under Control certificate,https://parivahan.gov.in,https://parivahan.gov.in,2024,active,2024-01-15
59,VEHICLE-FITNESS,Vehicle Fitness Certificate,Property & Land,Vehicle Certificate,Authorized Testing Center,India,Application for commercial vehicle fitness certificate,https://parivahan.gov.in,https://parivahan.gov.in,2024,active,2024-01-15
60,TRADE-LICENSE,Trade License Application,Business & Commerce,Business License,Municipal Corporation,India,Application for business/shop trade license,https://mcdonline.nic.in,https://mcdonline.nic.in,2024,active,2024-01-20
61,SHOP-ACT,Shop Act License Application,Business & Commerce,Shop License,Municipal Authority,India,Application for shop and commercial establishment license,https://mcdonline.nic.in,https://mcdonline.nic.in,2024,active,2024-01-15
62,IMPORT-EXPORT,Import Export Code (IEC) Application,Business & Commerce,Trade,Director General of Foreign Trade,India,Application for IEC registration for international trade,https://www.dgft.gov.in,https://www.dgft.gov.in,2024,active,2024-01-20
63,UDYAM-REG,Udyam Registration (MSME),Business & Commerce,MSME Registration,Ministry of MSME,India,Registration for micro/small/medium enterprises,https://udyamregistration.gov.in,https://udyamregistration.gov.in,2024,active,2024-01-20
64,STARTUP-INDIA,Startup India Registration,Business & Commerce,Startup,Department of Industrial Policy,India,Application for Startup India certification,https://www.startupindia.gov.in,https://www.startupindia.gov.in,2024,active,2024-01-20
65,BIS-CERT,BIS Certification Application,Business & Commerce,Certification,Bureau of Indian Standards,India,Application for ISI mark certification,https://www.bis.gov.in,https://www.bis.gov.in,2024,active,2024-01-15
66,FSSAI-LICENSE,FSSAI License Application,Business & Commerce,Food License,Food Safety and Standards Authority,India,Application for food business license,https://www.fssai.gov.in,https://www.fssai.gov.in,2024,active,2024-01-20
67,POLLUTION-BOARD,Pollution Board Clearance,Business & Commerce,Environmental,State Pollution Board,India,Application for environmental clearance and consent,https://www.cpcbenvis.nic.in,https://www.cpcbenvis.nic.in,2024,active,2024-01-15
68,FACTORY-LICENSE,Factory License Application,Business & Commerce,Industrial,Department of Labour,India,Application for factory registration and license,https://labour.gov.in,https://labour.gov.in,2024,active,2024-01-15
69,BIRTH-CERT,Birth Certificate Application,Government Services,Vital Records,Municipal Corporation,India,Application for birth registration and certificate,https://aadhaar.uidai.gov.in,https://aadhaar.uidai.gov.in,2024,active,2024-01-20
70,DEATH-CERT,Death Certificate Application,Government Services,Vital Records,Municipal Corporation,India,Application for death registration and certificate,https://aadhaar.uidai.gov.in,https://aadhaar.uidai.gov.in,2024,active,2024-01-15
71,MARRIAGE-CERT,Marriage Certificate Application,Government Services,Vital Records,Municipal Corporation,India,Application for marriage registration and certificate,https://aadhaar.uidai.gov.in,https://aadhaar.uidai.gov.in,2024,active,2024-01-15
72,SUCCESSION-CERT,Succession Certificate Application,Government Services,Legal Document,District Court,India,Application for succession certificate in civil court,https://districts.ecourts.gov.in,https://districts.ecourts.gov.in,2024,active,2024-01-15
73,NOTARY-APP,Notary Application,Government Services,Legal Services,State Bar Council,India,Application for notarization of documents,https://www.barcouncil.org.in,https://www.barcouncil.org.in,2024,active,2024-01-15
74,RTI-APPLICATION,Right to Information (RTI) Request,Government Services,Information Access,Public Information Officer,India,RTI application to obtain government information,https://rtionline.gov.in,https://rtionline.gov.in,2024,active,2024-01-20
75,GPDP-COMPLAINT,Grievance Redressal Application,Government Services,Complaint,DPIIT,India,Application for lodging grievance against government action,https://pgportal.gov.in,https://pgportal.gov.in,2024,active,2024-01-15
76,ARMED-FORCES,Armed Forces Recruitment Application,Employment & Social,Military,Department of Defence,India,Application for officer/soldier recruitment in armed forces,https://www.joinindianarmy.nic.in,https://www.joinindianarmy.nic.in,2024,active,2024-01-20
77,POLICE-RECRUITMENT,Police Recruitment Application,Employment & Social,Police,State Police Department,India,Application for police constable/officer positions,https://ssc.nic.in,https://ssc.nic.in,2024,active,2024-01-20
78,SCHOLARSHIP-PG,Post Graduate Scholarship Application,Education,Scholarship,Ministry of Education,India,Application for post-graduation scholarships,https://scholarships.gov.in,https://scholarships.gov.in,2024,active,2024-01-20
79,RESEARCH-GRANT,Research Grant Application,Education,Research,Various Agencies,India,Application for government research funding and grants,https://dst.gov.in,https://dst.gov.in,2024,active,2024-01-20
80,VISA-EXTENSION,Visa Extension Application,Identity & Travel,Visa Extension,Ministry of External Affairs,India,Application for extension of visa validity period,https://www.mea.gov.in,https://www.mea.gov.in,2024,active,2024-01-20
